learning_rate,threshold_euclid,numOfEpochs,batch_size,numOfThreads,TestAccuracy,TestRecall,TestPrecision,TestF1,ValidAccuracy,ValidRecall,ValidPrecision,ValidF1,Time-CPU,Time-Real,
0.10000,0.100, 5,  512,10, 87.50,  0.00,  0.00,  0.00, 87.50,  0.00,  0.00,  0.00,1.13, 2.05,
0.10000,0.100, 5,  512,15, 12.50,100.00, 12.50, 22.22, 12.50,100.00, 12.50, 22.22,1.15, 2.38,
0.10000,0.100, 5,  512,20, 18.93, 87.56, 12.10, 21.26, 18.94, 86.89, 12.03, 21.13,1.14, 2.47,
0.10000,0.100, 5, 1024,10, 87.48,  0.00,  0.00,  0.00, 87.47,  0.00,  0.00,  0.00,1.11, 1.48,
0.10000,0.100, 5, 1024,15, 87.50,  0.00,  0.00,  0.00, 87.50,  0.00,  0.00,  0.00,1.12, 1.30,
0.10000,0.100, 5, 1024,20, 85.49,  8.95, 26.31, 13.36, 85.44,  9.07, 26.20, 13.47,1.10, 1.24,
0.10000,0.100, 5, 2056,10, 87.43,  0.57, 33.11,  1.13, 87.43,  0.54, 32.39,  1.06,1.10, 1.26,
0.10000,0.100, 5, 2056,15, 87.50,  0.00,  0.00,  0.00, 87.50,  0.00,  0.00,  0.00,1.11, 1.25,
0.10000,0.100, 5, 2056,20, 63.66, 39.01, 14.52, 21.16, 63.82, 38.68, 14.50, 21.09,1.13, 1.31,
0.10000,0.100,10,  512,10, 87.50,  0.02,100.00,  0.05, 87.50,  0.04,100.00,  0.07,2.19, 2.74,
0.10000,0.100,10,  512,15, 87.50,  0.00,  0.00,  0.00, 87.50,  0.00,  0.00,  0.00,2.16, 2.37,
0.10000,0.100,10,  512,20, 12.68, 99.80, 12.50, 22.22, 12.69, 99.73, 12.50, 22.21,2.19, 2.39,
0.10000,0.100,10, 1024,10, 87.50,  0.00,  0.00,  0.00, 87.50,  0.00,  0.00,  0.00,2.11, 2.26,
0.10000,0.100,10, 1024,15, 87.58,  1.45, 63.27,  2.84, 87.58,  1.43, 64.21,  2.79,2.17, 2.38,
0.10000,0.100,10, 1024,20, 87.42,  0.16, 16.67,  0.32, 87.41,  0.14, 13.64,  0.28,2.37, 2.60,
0.10000,0.100,10, 2056,10, 85.88, 23.13, 39.07, 29.06, 85.76, 22.39, 38.15, 28.22,2.11, 2.30,
0.10000,0.100,10, 2056,15, 12.78, 99.93, 12.53, 22.27, 12.76, 99.88, 12.52, 22.25,2.10, 2.23,
0.10000,0.100,10, 2056,20, 71.83, 28.64, 15.68, 20.27, 71.89, 28.68, 15.74, 20.32,2.10, 2.31,
0.10000,0.100,20,  512,10, 87.50,  0.00,  0.00,  0.00, 87.50,  0.00,  0.00,  0.00,4.19, 4.41,
0.10000,0.100,20,  512,15, 87.50,  0.00,  0.00,  0.00, 87.50,  0.00,  0.00,  0.00,4.20, 4.43,
0.10000,0.100,20,  512,20, 87.50,  0.00,  0.00,  0.00, 87.50,  0.00,  0.00,  0.00,4.34, 4.82,
0.10000,0.100,20, 1024,10, 22.21, 97.47, 13.59, 23.85, 21.94, 97.33, 13.54, 23.77,4.21, 4.49,
0.10000,0.100,20, 1024,15, 87.50,  0.00,  0.00,  0.00, 87.50,  0.00,  0.00,  0.00,4.19, 4.43,
0.10000,0.100,20, 1024,20, 88.23,  8.60, 75.46, 15.44, 88.19,  8.25, 75.24, 14.86,4.15, 4.40,
0.10000,0.100,20, 2056,10, 63.48, 59.28, 19.08, 28.86, 63.34, 59.32, 19.02, 28.80,4.09, 4.32,
0.10000,0.100,20, 2056,15, 17.36, 99.52, 13.09, 23.14, 17.27, 99.50, 13.08, 23.12,4.06, 4.26,
0.10000,0.100,20, 2056,20, 82.59, 25.69, 28.34, 26.95, 82.62, 25.17, 28.17, 26.59,4.11, 4.31,
0.10000,0.100,50,  512,10, 87.95,  3.60, 99.68,  6.95, 87.99,  3.97,100.00,  7.63,10.41, 10.97,
0.10000,0.100,50,  512,15, 87.50,  0.00,  0.00,  0.00, 87.50,  0.00,  0.00,  0.00,10.31, 10.42,
0.10000,0.100,50,  512,20, 87.50,  0.00,  0.00,  0.00, 87.50,  0.00,  0.00,  0.00,5.03, 5.09,
0.10000,0.100,50, 1024,10, 27.99, 90.45, 13.77, 23.90, 27.85, 90.34, 13.73, 23.84,10.22, 10.33,
0.10000,0.100,50, 1024,15, 16.68, 99.91, 13.04, 23.06, 16.61, 99.84, 13.02, 23.04,10.18, 10.28,
0.10000,0.100,50, 1024,20, 88.39, 20.44, 60.60, 30.57, 88.40, 20.86, 60.50, 31.02,10.29, 10.40,
0.10000,0.100,50, 2056,10, 84.97, 32.55, 38.14, 35.12, 85.03, 32.66, 38.38, 35.29,10.12, 10.24,
0.10000,0.100,50, 2056,15, 80.37, 40.23, 29.26, 33.88, 80.38, 40.16, 29.26, 33.85,10.64, 10.75,
0.10000,0.100,50, 2056,20, 65.18, 46.41, 17.10, 24.99, 65.08, 46.09, 16.98, 24.81,10.14, 10.25,
0.10000,0.001, 5,  512,10, 87.50,  0.00,  0.00,  0.00, 87.50,  0.00,  0.00,  0.00,1.14, 1.16,
0.10000,0.001, 5,  512,15, 12.50,100.00, 12.50, 22.22, 12.50,100.00, 12.50, 22.22,1.12, 1.14,
0.10000,0.001, 5,  512,20, 18.93, 87.56, 12.10, 21.26, 18.94, 86.89, 12.03, 21.13,1.13, 1.16,
0.10000,0.001, 5, 1024,10, 87.48,  0.00,  0.00,  0.00, 87.47,  0.00,  0.00,  0.00,1.11, 1.12,
0.10000,0.001, 5, 1024,15, 87.50,  0.00,  0.00,  0.00, 87.50,  0.00,  0.00,  0.00,1.13, 1.15,
0.10000,0.001, 5, 1024,20, 85.49,  8.95, 26.31, 13.36, 85.44,  9.07, 26.20, 13.47,1.11, 1.15,
0.10000,0.001, 5, 2056,10, 87.43,  0.57, 33.11,  1.13, 87.43,  0.54, 32.39,  1.06,1.08, 1.19,
0.10000,0.001, 5, 2056,15, 87.50,  0.00,  0.00,  0.00, 87.50,  0.00,  0.00,  0.00,1.13, 2.26,
0.10000,0.001, 5, 2056,20, 63.66, 39.01, 14.52, 21.16, 63.82, 38.68, 14.50, 21.09,1.12, 2.28,
0.10000,0.001,10,  512,10, 87.50,  0.02,100.00,  0.05, 87.50,  0.04,100.00,  0.07,2.21, 3.06,
0.10000,0.001,10,  512,15, 87.50,  0.00,  0.00,  0.00, 87.50,  0.00,  0.00,  0.00,2.26, 2.32,
0.10000,0.001,10,  512,20, 12.68, 99.80, 12.50, 22.22, 12.69, 99.73, 12.50, 22.21,2.20, 2.25,
0.10000,0.001,10, 1024,10, 87.50,  0.00,  0.00,  0.00, 87.50,  0.00,  0.00,  0.00,2.30, 2.34,
0.10000,0.001,10, 1024,15, 87.58,  1.45, 63.27,  2.84, 87.58,  1.43, 64.21,  2.79,2.10, 2.46,
0.10000,0.001,10, 1024,20, 87.42,  0.16, 16.67,  0.32, 87.41,  0.14, 13.64,  0.28,2.41, 2.45,
0.10000,0.001,10, 2056,10, 85.88, 23.13, 39.07, 29.06, 85.76, 22.39, 38.15, 28.22,2.23, 2.27,
0.10000,0.001,10, 2056,15, 12.78, 99.93, 12.53, 22.27, 12.76, 99.88, 12.52, 22.25,2.08, 2.13,
0.10000,0.001,10, 2056,20, 71.83, 28.64, 15.68, 20.27, 71.89, 28.68, 15.74, 20.32,2.11, 2.16,
0.10000,0.001,20,  512,10, 87.50,  0.00,  0.00,  0.00, 87.50,  0.00,  0.00,  0.00,4.26, 4.31,
0.10000,0.001,20,  512,15, 87.50,  0.00,  0.00,  0.00, 87.50,  0.00,  0.00,  0.00,4.27, 4.37,
0.10000,0.001,20,  512,20, 87.50,  0.00,  0.00,  0.00, 87.50,  0.00,  0.00,  0.00,4.27, 4.32,
0.10000,0.001,20, 1024,10, 22.21, 97.47, 13.59, 23.85, 21.94, 97.33, 13.54, 23.77,4.16, 4.23,
0.10000,0.001,20, 1024,15, 87.50,  0.00,  0.00,  0.00, 87.50,  0.00,  0.00,  0.00,4.14, 4.22,
0.10000,0.001,20, 1024,20, 88.23,  8.60, 75.46, 15.44, 88.19,  8.25, 75.24, 14.86,4.17, 4.21,
0.10000,0.001,20, 2056,10, 63.48, 59.28, 19.08, 28.86, 63.34, 59.32, 19.02, 28.80,4.09, 4.13,
0.10000,0.001,20, 2056,15, 17.36, 99.52, 13.09, 23.14, 17.27, 99.50, 13.08, 23.12,4.06, 4.13,
0.10000,0.001,20, 2056,20, 82.59, 25.69, 28.34, 26.95, 82.62, 25.17, 28.17, 26.59,4.11, 4.16,
0.10000,0.001,50,  512,10, 87.95,  3.60, 99.68,  6.95, 87.99,  3.97,100.00,  7.63,10.40, 10.51,
0.10000,0.001,50,  512,15, 87.50,  0.00,  0.00,  0.00, 87.50,  0.00,  0.00,  0.00,10.42, 10.56,
0.10000,0.001,50,  512,20, 87.50,  0.00,  0.00,  0.00, 87.50,  0.01,100.00,  0.02,10.36, 10.47,
0.10000,0.001,50, 1024,10, 27.99, 90.45, 13.77, 23.90, 27.85, 90.34, 13.73, 23.84,10.19, 10.30,
0.10000,0.001,50, 1024,15, 16.68, 99.91, 13.04, 23.06, 16.61, 99.84, 13.02, 23.04,10.25, 10.34,
0.10000,0.001,50, 1024,20, 88.39, 20.44, 60.60, 30.57, 88.40, 20.86, 60.50, 31.02,10.41, 11.11,
0.10000,0.001,50, 2056,10, 84.97, 32.55, 38.14, 35.12, 85.03, 32.66, 38.38, 35.29,10.10, 10.35,
0.10000,0.001,50, 2056,15, 80.37, 40.23, 29.26, 33.88, 80.38, 40.16, 29.26, 33.85,10.60, 11.21,
0.10000,0.001,50, 2056,20, 65.18, 46.41, 17.10, 24.99, 65.08, 46.09, 16.98, 24.81,10.74, 10.90,
0.10000,0.000, 5,  512,10, 87.50,  0.00,  0.00,  0.00, 87.50,  0.00,  0.00,  0.00,1.18, 1.22,
0.10000,0.000, 5,  512,15, 12.50,100.00, 12.50, 22.22, 12.50,100.00, 12.50, 22.22,1.12, 1.14,
0.10000,0.000, 5,  512,20, 18.93, 87.56, 12.10, 21.26, 18.94, 86.89, 12.03, 21.13,1.16, 1.18,
0.10000,0.000, 5, 1024,10, 87.48,  0.00,  0.00,  0.00, 87.47,  0.00,  0.00,  0.00,1.09, 1.12,
0.10000,0.000, 5, 1024,15, 87.50,  0.00,  0.00,  0.00, 87.50,  0.00,  0.00,  0.00,1.11, 1.12,
0.10000,0.000, 5, 1024,20, 85.49,  8.95, 26.31, 13.36, 85.44,  9.07, 26.20, 13.47,1.09, 1.12,
0.10000,0.000, 5, 2056,10, 87.43,  0.57, 33.11,  1.13, 87.43,  0.54, 32.39,  1.06,1.09, 1.11,
0.10000,0.000, 5, 2056,15, 87.50,  0.00,  0.00,  0.00, 87.50,  0.00,  0.00,  0.00,1.09, 1.10,
0.10000,0.000, 5, 2056,20, 63.66, 39.01, 14.52, 21.16, 63.82, 38.68, 14.50, 21.09,1.09, 1.12,
0.10000,0.000,10,  512,10, 87.50,  0.02,100.00,  0.05, 87.50,  0.04,100.00,  0.07,2.23, 2.27,
0.10000,0.000,10,  512,15, 87.50,  0.00,  0.00,  0.00, 87.50,  0.00,  0.00,  0.00,2.20, 2.23,
0.10000,0.000,10,  512,20, 12.68, 99.80, 12.50, 22.22, 12.69, 99.73, 12.50, 22.21,2.14, 2.19,
0.10000,0.000,10, 1024,10, 87.50,  0.00,  0.00,  0.00, 87.50,  0.00,  0.00,  0.00,2.64, 2.67,
0.10000,0.000,10, 1024,15, 87.58,  1.45, 63.27,  2.84, 87.58,  1.43, 64.21,  2.79,2.27, 3.47,
0.10000,0.000,10, 1024,20, 87.42,  0.16, 16.67,  0.32, 87.41,  0.14, 13.64,  0.28,2.21, 4.46,
0.10000,0.000,10, 2056,10, 85.88, 23.13, 39.07, 29.06, 85.76, 22.39, 38.15, 28.22,2.11, 2.44,
0.10000,0.000,10, 2056,15, 12.78, 99.93, 12.53, 22.27, 12.76, 99.88, 12.52, 22.25,2.08, 2.10,
0.10000,0.000,10, 2056,20, 71.83, 28.64, 15.68, 20.27, 71.89, 28.68, 15.74, 20.32,2.09, 2.13,
0.10000,0.000,20,  512,10, 87.50,  0.00,  0.00,  0.00, 87.50,  0.00,  0.00,  0.00,4.20, 4.59,
0.10000,0.000,20,  512,15, 87.50,  0.00,  0.00,  0.00, 87.50,  0.00,  0.00,  0.00,4.19, 4.24,
0.10000,0.000,20,  512,20, 87.50,  0.00,  0.00,  0.00, 87.50,  0.00,  0.00,  0.00,4.48, 4.55,
0.10000,0.000,20, 1024,10, 22.21, 97.47, 13.59, 23.85, 21.94, 97.33, 13.54, 23.77,4.21, 4.26,
0.10000,0.000,20, 1024,15, 87.50,  0.00,  0.00,  0.00, 87.50,  0.00,  0.00,  0.00,4.16, 4.25,
0.10000,0.000,20, 1024,20, 88.23,  8.60, 75.46, 15.44, 88.19,  8.25, 75.24, 14.86,4.28, 4.35,
0.10000,0.000,20, 2056,10, 63.48, 59.28, 19.08, 28.86, 63.34, 59.32, 19.02, 28.80,4.11, 4.18,
0.10000,0.000,20, 2056,15, 17.36, 99.52, 13.09, 23.14, 17.27, 99.50, 13.08, 23.12,4.05, 4.10,
0.10000,0.000,20, 2056,20, 82.59, 25.69, 28.34, 26.95, 82.62, 25.17, 28.17, 26.59,4.12, 4.16,
0.10000,0.000,50,  512,10, 87.95,  3.60, 99.68,  6.95, 87.99,  3.97,100.00,  7.63,10.68, 10.81,
0.10000,0.000,50,  512,15, 87.50,  0.00,  0.00,  0.00, 87.50,  0.00,  0.00,  0.00,10.25, 10.37,
0.10000,0.000,50,  512,20, 87.50,  0.00,  0.00,  0.00, 87.50,  0.01,100.00,  0.02,10.55, 10.68,
0.10000,0.000,50, 1024,10, 27.99, 90.45, 13.77, 23.90, 27.85, 90.34, 13.73, 23.84,13.67, 13.80,
0.10000,0.000,50, 1024,15, 16.68, 99.91, 13.04, 23.06, 16.61, 99.84, 13.02, 23.04,13.43, 13.59,
0.10000,0.000,50, 1024,20, 88.39, 20.44, 60.60, 30.57, 88.40, 20.86, 60.50, 31.02,12.39, 12.54,
0.10000,0.000,50, 2056,10, 84.97, 32.55, 38.14, 35.12, 85.03, 32.66, 38.38, 35.29,12.10, 12.24,
0.10000,0.000,50, 2056,15, 80.37, 40.23, 29.26, 33.88, 80.38, 40.16, 29.26, 33.85,11.90, 12.04,
0.10000,0.000,50, 2056,20, 65.18, 46.41, 17.10, 24.99, 65.08, 46.09, 16.98, 24.81,12.15, 12.27,
0.10000,0.000, 5,  512,10, 87.50,  0.00,  0.00,  0.00, 87.50,  0.00,  0.00,  0.00,1.32, 1.36,
0.10000,0.000, 5,  512,15, 12.50,100.00, 12.50, 22.22, 12.50,100.00, 12.50, 22.22,1.60, 1.75,
0.10000,0.000, 5,  512,20, 18.93, 87.56, 12.10, 21.26, 18.94, 86.89, 12.03, 21.13,1.50, 1.66,
0.10000,0.000, 5, 1024,10, 87.48,  0.00,  0.00,  0.00, 87.47,  0.00,  0.00,  0.00,1.38, 2.00,
0.10000,0.000, 5, 1024,15, 87.50,  0.00,  0.00,  0.00, 87.50,  0.00,  0.00,  0.00,1.33, 1.57,
0.10000,0.000, 5, 1024,20, 85.49,  8.95, 26.31, 13.36, 85.44,  9.07, 26.20, 13.47,1.30, 1.46,
0.10000,0.000, 5, 2056,10, 87.43,  0.57, 33.11,  1.13, 87.43,  0.54, 32.39,  1.06,1.36, 1.56,
0.10000,0.000, 5, 2056,15, 87.50,  0.00,  0.00,  0.00, 87.50,  0.00,  0.00,  0.00,1.32, 1.46,
0.10000,0.000, 5, 2056,20, 63.66, 39.01, 14.52, 21.16, 63.82, 38.68, 14.50, 21.09,1.39, 1.61,
0.10000,0.000,10,  512,10, 87.50,  0.02,100.00,  0.05, 87.50,  0.04,100.00,  0.07,2.70, 2.94,
0.10000,0.000,10,  512,15, 87.50,  0.00,  0.00,  0.00, 87.50,  0.00,  0.00,  0.00,2.54, 2.74,
0.10000,0.000,10,  512,20, 12.68, 99.80, 12.50, 22.22, 12.69, 99.73, 12.50, 22.21,2.63, 2.88,
0.10000,0.000,10, 1024,10, 87.50,  0.00,  0.00,  0.00, 87.50,  0.00,  0.00,  0.00,2.56, 2.76,
0.10000,0.000,10, 1024,15, 87.58,  1.45, 63.27,  2.84, 87.58,  1.43, 64.21,  2.79,2.52, 2.72,
0.10000,0.000,10, 1024,20, 87.42,  0.16, 16.67,  0.32, 87.41,  0.14, 13.64,  0.28,2.51, 2.71,
0.10000,0.000,10, 2056,10, 85.88, 23.13, 39.07, 29.06, 85.76, 22.39, 38.15, 28.22,2.59, 2.81,
0.10000,0.000,10, 2056,15, 12.78, 99.93, 12.53, 22.27, 12.76, 99.88, 12.52, 22.25,2.45, 2.66,
0.10000,0.000,10, 2056,20, 71.83, 28.64, 15.68, 20.27, 71.89, 28.68, 15.74, 20.32,2.50, 2.71,
0.10000,0.000,20,  512,10, 87.50,  0.00,  0.00,  0.00, 87.50,  0.00,  0.00,  0.00,5.05, 5.32,
0.10000,0.000,20,  512,15, 87.50,  0.00,  0.00,  0.00, 87.50,  0.00,  0.00,  0.00,5.00, 5.24,
0.10000,0.000,20,  512,20, 87.50,  0.00,  0.00,  0.00, 87.50,  0.00,  0.00,  0.00,5.15, 9.12,
0.10000,0.000,20, 1024,10, 22.21, 97.47, 13.59, 23.85, 21.94, 97.33, 13.54, 23.77,4.98, 5.39,
0.10000,0.000,20, 1024,15, 87.50,  0.00,  0.00,  0.00, 87.50,  0.00,  0.00,  0.00,4.98, 5.76,
0.10000,0.000,20, 1024,20, 88.23,  8.60, 75.46, 15.44, 88.19,  8.25, 75.24, 14.86,4.98, 5.41,
0.10000,0.000,20, 2056,10, 63.48, 59.28, 19.08, 28.86, 63.34, 59.32, 19.02, 28.80,5.03, 5.44,
0.10000,0.000,20, 2056,15, 17.36, 99.52, 13.09, 23.14, 17.27, 99.50, 13.08, 23.12,4.93, 5.43,
0.10000,0.000,20, 2056,20, 82.59, 25.69, 28.34, 26.95, 82.62, 25.17, 28.17, 26.59,4.97, 5.41,
0.10000,0.000,50,  512,10, 87.95,  3.60, 99.68,  6.95, 87.99,  3.97,100.00,  7.63,12.49, 13.60,
0.10000,0.000,50,  512,15, 87.50,  0.00,  0.00,  0.00, 87.50,  0.00,  0.00,  0.00,12.32, 13.45,
0.10000,0.000,50,  512,20, 87.50,  0.00,  0.00,  0.00, 87.50,  0.01,100.00,  0.02,10.34, 11.00,
0.10000,0.000,50, 1024,10, 27.99, 90.45, 13.77, 23.90, 27.85, 90.34, 13.73, 23.84,10.05, 10.69,
0.10000,0.000,50, 1024,15, 16.68, 99.91, 13.04, 23.06, 16.61, 99.84, 13.02, 23.04,10.00, 10.65,
0.10000,0.000,50, 1024,20, 88.39, 20.44, 60.60, 30.57, 88.40, 20.86, 60.50, 31.02,10.02, 10.68,
0.10000,0.000,50, 2056,10, 84.97, 32.55, 38.14, 35.12, 85.03, 32.66, 38.38, 35.29,9.87, 10.51,
0.10000,0.000,50, 2056,15, 80.37, 40.23, 29.26, 33.88, 80.38, 40.16, 29.26, 33.85,9.82, 10.45,
0.10000,0.000,50, 2056,20, 65.18, 46.41, 17.10, 24.99, 65.08, 46.09, 16.98, 24.81,9.87, 10.50,
0.01000,0.100, 5,  512,10, 87.70,  8.73, 55.14, 15.07, 87.75,  9.12, 56.16, 15.70,1.09, 1.16,
0.01000,0.100, 5,  512,15, 87.50,  0.00,  0.00,  0.00, 87.50,  0.00,  0.00,  0.00,1.07, 1.15,
0.01000,0.100, 5,  512,20, 87.56,  0.47,100.00,  0.93, 87.56,  0.49,100.00,  0.98,1.08, 1.17,
0.01000,0.100, 5, 1024,10, 87.50,  0.00,  0.00,  0.00, 87.50,  0.00,  0.00,  0.00,1.10, 1.18,
0.01000,0.100, 5, 1024,15, 12.50,100.00, 12.50, 22.22, 12.50,100.00, 12.50, 22.22,1.11, 1.20,
0.01000,0.100, 5, 1024,20, 87.50,  0.00,  0.00,  0.00, 87.50,  0.00,  0.00,  0.00,1.11, 1.20,
0.01000,0.100, 5, 2056,10, 87.62,  2.08, 65.44,  4.04, 87.62,  2.00, 65.52,  3.88,1.07, 1.15,
0.01000,0.100, 5, 2056,15, 13.05,100.00, 12.57, 22.33, 13.06,100.00, 12.57, 22.33,1.08, 1.15,
0.01000,0.100, 5, 2056,20, 87.49,  0.14, 41.38,  0.28, 87.50,  0.12, 58.82,  0.23,1.07, 1.16,
0.01000,0.100,10,  512,10, 87.50,  0.00,  0.00,  0.00, 87.50,  0.00,  0.00,  0.00,2.06, 2.22,
0.01000,0.100,10,  512,15, 12.50,100.00, 12.50, 22.22, 12.50,100.00, 12.50, 22.22,2.08, 2.21,
0.01000,0.100,10,  512,20, 87.50,  0.00,  0.00,  0.00, 87.50,  0.00,  0.00,  0.00,2.07, 2.21,
0.01000,0.100,10, 1024,10, 25.04, 95.73, 13.85, 24.20, 25.03, 95.48, 13.82, 24.15,2.11, 2.26,
0.01000,0.100,10, 1024,15, 87.50,  0.00,  0.00,  0.00, 87.50,  0.00,  0.00,  0.00,1.71, 1.85,
0.01000,0.100,10, 1024,20, 88.08,  7.41, 72.76, 13.44, 88.09,  7.45, 73.13, 13.52,2.14, 2.31,
0.01000,0.100,10, 2056,10, 64.33, 49.54, 17.42, 25.78, 64.25, 49.40, 17.35, 25.68,2.10, 2.22,
0.01000,0.100,10, 2056,15, 87.50,  0.00,  0.00,  0.00, 87.50,  0.00,  0.00,  0.00,2.08, 2.23,
0.01000,0.100,10, 2056,20, 69.47, 38.50, 17.40, 23.97, 69.51, 39.03, 17.59, 24.25,2.06, 2.21,
0.01000,0.100,20,  512,10, 87.50,  0.01,100.00,  0.02, 87.50,  0.02,100.00,  0.05,4.04, 4.32,
0.01000,0.100,20,  512,15, 12.58,100.00, 12.51, 22.24, 12.56,100.00, 12.51, 22.24,4.08, 4.34,
0.01000,0.100,20,  512,20, 87.50,  0.00,  0.00,  0.00, 87.50,  0.00,  0.00,  0.00,2.46, 2.65,
0.01000,0.100,20, 1024,10, 87.50,  0.00,  0.00,  0.00, 87.50,  0.00,  0.00,  0.00,4.08, 4.36,
0.01000,0.100,20, 1024,15, 87.50,  0.00,  0.00,  0.00, 87.50,  0.00,  0.00,  0.00,1.72, 1.83,
0.01000,0.100,20, 1024,20, 87.48,  0.09, 25.00,  0.19, 87.48,  0.14, 35.29,  0.28,4.11, 4.38,
0.01000,0.100,20, 2056,10, 83.81, 32.60, 34.41, 33.48, 83.97, 32.90, 34.98, 33.91,2.90, 3.07,
0.01000,0.100,20, 2056,15, 87.50,  0.00,  0.00,  0.00, 87.50,  0.00,  0.00,  0.00,4.08, 4.37,
0.01000,0.100,20, 2056,20, 87.40,  0.23, 18.69,  0.46, 87.41,  0.25, 19.81,  0.49,4.07, 4.32,
0.01000,0.100,50,  512,10, 88.09,  5.01, 93.86,  9.51, 88.15,  5.44, 95.48, 10.29,9.79, 10.40,
0.01000,0.100,50,  512,15, 18.75, 98.67, 13.20, 23.29, 18.67, 98.89, 13.21, 23.31,10.28, 14.23,
0.01000,0.100,50,  512,20, 87.50,  0.00,  0.00,  0.00, 87.50,  0.00,  0.00,  0.00,2.48, 2.79,
0.01000,0.100,50, 1024,10, 18.55, 98.54, 13.16, 23.22, 18.43, 98.34, 13.13, 23.16,10.21, 11.10,
0.01000,0.100,50, 1024,15, 87.50,  0.00,  0.00,  0.00, 87.50,  0.00,  0.00,  0.00,1.71, 1.82,
0.01000,0.100,50, 1024,20, 13.72, 99.92, 12.65, 22.45, 13.72, 99.88, 12.64, 22.45,10.14, 10.83,
0.01000,0.100,50, 2056,10, 83.81, 32.60, 34.41, 33.48, 83.97, 32.90, 34.98, 33.91,2.88, 3.08,
0.01000,0.100,50, 2056,15, 47.42, 87.94, 17.71, 29.48, 47.53, 88.47, 17.81, 29.65,8.35, 8.88,
0.01000,0.100,50, 2056,20, 71.02, 38.85, 18.54, 25.10, 70.98, 38.47, 18.40, 24.90,8.27, 8.83,
0.01000,0.001, 5,  512,10, 87.70,  8.73, 55.14, 15.07, 87.75,  9.12, 56.16, 15.70,1.07, 1.16,
0.01000,0.001, 5,  512,15, 87.50,  0.00,  0.00,  0.00, 87.50,  0.00,  0.00,  0.00,1.07, 1.15,
0.01000,0.001, 5,  512,20, 87.56,  0.47,100.00,  0.93, 87.56,  0.49,100.00,  0.98,1.15, 1.25,
0.01000,0.001, 5, 1024,10, 87.50,  0.00,  0.00,  0.00, 87.50,  0.00,  0.00,  0.00,1.14, 1.24,
0.01000,0.001, 5, 1024,15, 12.50,100.00, 12.50, 22.22, 12.50,100.00, 12.50, 22.22,1.11, 1.21,
0.01000,0.001, 5, 1024,20, 87.50,  0.00,  0.00,  0.00, 87.50,  0.00,  0.00,  0.00,1.13, 1.23,
0.01000,0.001, 5, 2056,10, 87.62,  2.08, 65.44,  4.04, 87.62,  2.00, 65.52,  3.88,1.14, 1.24,
0.01000,0.001, 5, 2056,15, 13.05,100.00, 12.57, 22.33, 13.06,100.00, 12.57, 22.33,1.08, 1.16,
0.01000,0.001, 5, 2056,20, 87.49,  0.14, 41.38,  0.28, 87.50,  0.12, 58.82,  0.23,1.07, 1.16,
0.01000,0.001,10,  512,10, 87.50,  0.00,  0.00,  0.00, 87.50,  0.00,  0.00,  0.00,2.05, 2.18,
0.01000,0.001,10,  512,15, 12.50,100.00, 12.50, 22.22, 12.50,100.00, 12.50, 22.22,2.07, 2.22,
0.01000,0.001,10,  512,20, 87.50,  0.00,  0.00,  0.00, 87.50,  0.00,  0.00,  0.00,2.06, 2.21,
0.01000,0.001,10, 1024,10, 25.04, 95.73, 13.85, 24.20, 25.03, 95.48, 13.82, 24.15,2.72, 3.17,
0.01000,0.001,10, 1024,15, 87.50,  0.00,  0.00,  0.00, 87.50,  0.00,  0.00,  0.00,2.67, 3.38,
0.01000,0.001,10, 1024,20, 88.08,  7.41, 72.76, 13.44, 88.09,  7.45, 73.13, 13.52,2.17, 2.66,
0.01000,0.001,10, 2056,10, 64.33, 49.54, 17.42, 25.78, 64.25, 49.40, 17.35, 25.68,2.11, 2.44,
0.01000,0.001,10, 2056,15, 87.50,  0.00,  0.00,  0.00, 87.50,  0.00,  0.00,  0.00,2.09, 2.24,
0.01000,0.001,10, 2056,20, 69.47, 38.50, 17.40, 23.97, 69.51, 39.03, 17.59, 24.25,2.37, 2.57,
0.01000,0.001,20,  512,10, 87.50,  0.01,100.00,  0.02, 87.50,  0.02,100.00,  0.05,4.10, 4.37,
0.01000,0.001,20,  512,15, 12.58,100.00, 12.51, 22.24, 12.56,100.00, 12.51, 22.24,4.05, 4.34,
0.01000,0.001,20,  512,20, 87.50,  0.00,  0.00,  0.00, 87.50,  0.00,  0.00,  0.00,4.13, 4.41,
0.01000,0.001,20, 1024,10, 87.50,  0.00,  0.00,  0.00, 87.50,  0.00,  0.00,  0.00,4.11, 4.36,
0.01000,0.001,20, 1024,15, 86.50, 10.82, 36.46, 16.69, 86.55, 11.02, 37.17, 17.00,4.33, 4.65,
0.01000,0.001,20, 1024,20, 87.48,  0.09, 25.00,  0.19, 87.48,  0.14, 35.29,  0.28,4.17, 4.46,
0.01000,0.001,20, 2056,10, 86.51, 28.33, 43.85, 34.42, 86.53, 28.48, 43.99, 34.58,4.10, 4.37,
0.01000,0.001,20, 2056,15, 87.50,  0.00,  0.00,  0.00, 87.50,  0.00,  0.00,  0.00,4.10, 4.36,
0.01000,0.001,20, 2056,20, 87.40,  0.23, 18.69,  0.46, 87.41,  0.25, 19.81,  0.49,4.05, 4.35,
0.01000,0.001,50,  512,10, 88.42,  9.79, 80.02, 17.45, 88.44,  9.99, 80.34, 17.77,9.99, 10.62,
0.01000,0.001,50,  512,15, 18.75, 98.67, 13.20, 23.29, 18.67, 98.89, 13.21, 23.31,10.04, 10.67,
0.01000,0.001,50,  512,20, 88.06,  4.61, 97.28,  8.80, 88.11,  5.08, 96.02,  9.64,9.97, 10.61,
0.01000,0.001,50, 1024,10, 18.55, 98.54, 13.16, 23.22, 18.43, 98.34, 13.13, 23.16,10.11, 10.75,
0.01000,0.001,50, 1024,15, 87.50,  0.00,  0.00,  0.00, 87.50,  0.00,  0.00,  0.00,10.08, 10.76,
0.01000,0.001,50, 1024,20, 13.72, 99.92, 12.65, 22.45, 13.72, 99.88, 12.64, 22.45,10.12, 10.77,
0.01000,0.001,50, 2056,10, 75.63, 46.31, 24.69, 32.21, 75.72, 46.46, 24.83, 32.36,10.13, 10.79,
0.01000,0.001,50, 2056,15, 75.37, 45.65, 24.24, 31.66, 75.31, 45.46, 24.12, 31.52,10.21, 10.85,
0.01000,0.001,50, 2056,20, 67.11, 45.33, 17.86, 25.62, 67.19, 45.20, 17.87, 25.62,9.99, 13.75,
0.01000,0.000, 5,  512,10, 87.70,  8.73, 55.14, 15.07, 87.75,  9.12, 56.16, 15.70,1.08, 1.17,
0.01000,0.000, 5,  512,15, 87.50,  0.00,  0.00,  0.00, 87.50,  0.00,  0.00,  0.00,1.08, 1.17,
0.01000,0.000, 5,  512,20, 87.56,  0.47,100.00,  0.93, 87.56,  0.49,100.00,  0.98,1.08, 1.51,
0.01000,0.000, 5, 1024,10, 87.50,  0.00,  0.00,  0.00, 87.50,  0.00,  0.00,  0.00,1.09, 1.15,
0.01000,0.000, 5, 1024,15, 12.50,100.00, 12.50, 22.22, 12.50,100.00, 12.50, 22.22,1.08, 1.19,
0.01000,0.000, 5, 1024,20, 87.50,  0.00,  0.00,  0.00, 87.50,  0.00,  0.00,  0.00,1.12, 1.20,
0.01000,0.000, 5, 2056,10, 87.62,  2.08, 65.44,  4.04, 87.62,  2.00, 65.52,  3.88,1.09, 1.17,
0.01000,0.000, 5, 2056,15, 13.05,100.00, 12.57, 22.33, 13.06,100.00, 12.57, 22.33,1.08, 1.16,
0.01000,0.000, 5, 2056,20, 87.49,  0.14, 41.38,  0.28, 87.50,  0.12, 58.82,  0.23,1.06, 1.15,
0.01000,0.000,10,  512,10, 87.50,  0.00,  0.00,  0.00, 87.50,  0.00,  0.00,  0.00,2.06, 2.23,
0.01000,0.000,10,  512,15, 12.50,100.00, 12.50, 22.22, 12.50,100.00, 12.50, 22.22,2.08, 2.21,
0.01000,0.000,10,  512,20, 87.50,  0.00,  0.00,  0.00, 87.50,  0.00,  0.00,  0.00,2.07, 2.21,
0.01000,0.000,10, 1024,10, 25.04, 95.73, 13.85, 24.20, 25.03, 95.48, 13.82, 24.15,2.09, 2.26,
0.01000,0.000,10, 1024,15, 87.50,  0.00,  0.00,  0.00, 87.50,  0.00,  0.00,  0.00,2.11, 2.27,
0.01000,0.000,10, 1024,20, 88.08,  7.41, 72.76, 13.44, 88.09,  7.45, 73.13, 13.52,2.15, 2.34,
0.01000,0.000,10, 2056,10, 64.33, 49.54, 17.42, 25.78, 64.25, 49.40, 17.35, 25.68,2.09, 2.25,
0.01000,0.000,10, 2056,15, 87.50,  0.00,  0.00,  0.00, 87.50,  0.00,  0.00,  0.00,2.07, 2.21,
0.01000,0.000,10, 2056,20, 69.47, 38.50, 17.40, 23.97, 69.51, 39.03, 17.59, 24.25,2.05, 2.20,
0.01000,0.000,20,  512,10, 87.50,  0.01,100.00,  0.02, 87.50,  0.02,100.00,  0.05,4.04, 4.32,
0.01000,0.000,20,  512,15, 12.58,100.00, 12.51, 22.24, 12.56,100.00, 12.51, 22.24,4.06, 4.35,
0.01000,0.000,20,  512,20, 87.50,  0.00,  0.00,  0.00, 87.50,  0.00,  0.00,  0.00,4.06, 4.32,
0.01000,0.000,20, 1024,10, 87.50,  0.00,  0.00,  0.00, 87.50,  0.00,  0.00,  0.00,4.10, 4.38,
0.01000,0.000,20, 1024,15, 86.50, 10.82, 36.46, 16.69, 86.55, 11.02, 37.17, 17.00,4.10, 4.36,
0.01000,0.000,20, 1024,20, 87.48,  0.09, 25.00,  0.19, 87.48,  0.14, 35.29,  0.28,4.13, 4.41,
0.01000,0.000,20, 2056,10, 86.51, 28.33, 43.85, 34.42, 86.53, 28.48, 43.99, 34.58,4.09, 4.37,
0.01000,0.000,20, 2056,15, 87.50,  0.00,  0.00,  0.00, 87.50,  0.00,  0.00,  0.00,4.11, 4.39,
0.01000,0.000,20, 2056,20, 87.40,  0.23, 18.69,  0.46, 87.41,  0.25, 19.81,  0.49,4.06, 4.33,
0.01000,0.000,50,  512,10, 88.42,  9.79, 80.02, 17.45, 88.44,  9.99, 80.34, 17.77,9.98, 10.61,
0.01000,0.000,50,  512,15, 18.75, 98.67, 13.20, 23.29, 18.67, 98.89, 13.21, 23.31,10.02, 10.67,
0.01000,0.000,50,  512,20, 88.06,  4.61, 97.28,  8.80, 88.11,  5.08, 96.02,  9.64,11.37, 12.20,
0.01000,0.000,50, 1024,10, 18.55, 98.54, 13.16, 23.22, 18.43, 98.34, 13.13, 23.16,10.13, 10.79,
0.01000,0.000,50, 1024,15, 87.50,  0.00,  0.00,  0.00, 87.50,  0.00,  0.00,  0.00,10.11, 10.78,
0.01000,0.000,50, 1024,20, 13.72, 99.92, 12.65, 22.45, 13.72, 99.88, 12.64, 22.45,10.25, 10.93,
0.01000,0.000,50, 2056,10, 75.63, 46.31, 24.69, 32.21, 75.72, 46.46, 24.83, 32.36,10.30, 10.99,
0.01000,0.000,50, 2056,15, 75.37, 45.65, 24.24, 31.66, 75.31, 45.46, 24.12, 31.52,10.22, 10.89,
0.01000,0.000,50, 2056,20, 67.11, 45.33, 17.86, 25.62, 67.19, 45.20, 17.87, 25.62,10.01, 10.64,
0.01000,0.000, 5,  512,10, 87.70,  8.73, 55.14, 15.07, 87.75,  9.12, 56.16, 15.70,1.09, 1.16,
0.01000,0.000, 5,  512,15, 87.50,  0.00,  0.00,  0.00, 87.50,  0.00,  0.00,  0.00,1.07, 1.16,
0.01000,0.000, 5,  512,20, 87.56,  0.47,100.00,  0.93, 87.56,  0.49,100.00,  0.98,1.07, 1.16,
0.01000,0.000, 5, 1024,10, 87.50,  0.00,  0.00,  0.00, 87.50,  0.00,  0.00,  0.00,1.09, 1.18,
0.01000,0.000, 5, 1024,15, 12.50,100.00, 12.50, 22.22, 12.50,100.00, 12.50, 22.22,1.12, 1.20,
0.01000,0.000, 5, 1024,20, 87.50,  0.00,  0.00,  0.00, 87.50,  0.00,  0.00,  0.00,1.13, 1.21,
0.01000,0.000, 5, 2056,10, 87.62,  2.08, 65.44,  4.04, 87.62,  2.00, 65.52,  3.88,1.08, 1.16,
0.01000,0.000, 5, 2056,15, 13.05,100.00, 12.57, 22.33, 13.06,100.00, 12.57, 22.33,1.07, 1.28,
0.01000,0.000, 5, 2056,20, 87.49,  0.14, 41.38,  0.28, 87.50,  0.12, 58.82,  0.23,1.09, 2.29,
0.01000,0.000,10,  512,10, 87.50,  0.00,  0.00,  0.00, 87.50,  0.00,  0.00,  0.00,2.02, 4.14,
0.01000,0.000,10,  512,15, 12.50,100.00, 12.50, 22.22, 12.50,100.00, 12.50, 22.22,2.09, 2.24,
0.01000,0.000,10,  512,20, 87.50,  0.00,  0.00,  0.00, 87.50,  0.00,  0.00,  0.00,2.05, 2.20,
0.01000,0.000,10, 1024,10, 25.04, 95.73, 13.85, 24.20, 25.03, 95.48, 13.82, 24.15,2.11, 2.26,
0.01000,0.000,10, 1024,15, 87.50,  0.00,  0.00,  0.00, 87.50,  0.00,  0.00,  0.00,2.12, 2.27,
0.01000,0.000,10, 1024,20, 88.08,  7.41, 72.76, 13.44, 88.09,  7.45, 73.13, 13.52,2.12, 2.58,
0.01000,0.000,10, 2056,10, 64.33, 49.54, 17.42, 25.78, 64.25, 49.40, 17.35, 25.68,2.08, 2.24,
0.01000,0.000,10, 2056,15, 87.50,  0.00,  0.00,  0.00, 87.50,  0.00,  0.00,  0.00,2.09, 2.23,
0.01000,0.000,10, 2056,20, 69.47, 38.50, 17.40, 23.97, 69.51, 39.03, 17.59, 24.25,2.05, 2.19,
0.01000,0.000,20,  512,10, 87.50,  0.01,100.00,  0.02, 87.50,  0.02,100.00,  0.05,4.01, 4.28,
0.01000,0.000,20,  512,15, 12.58,100.00, 12.51, 22.24, 12.56,100.00, 12.51, 22.24,4.05, 4.32,
0.01000,0.000,20,  512,20, 87.50,  0.00,  0.00,  0.00, 87.50,  0.00,  0.00,  0.00,4.22, 4.57,
0.01000,0.000,20, 1024,10, 87.50,  0.00,  0.00,  0.00, 87.50,  0.00,  0.00,  0.00,4.11, 4.37,
0.01000,0.000,20, 1024,15, 86.50, 10.82, 36.46, 16.69, 86.55, 11.02, 37.17, 17.00,4.12, 4.40,
0.01000,0.000,20, 1024,20, 87.48,  0.09, 25.00,  0.19, 87.48,  0.14, 35.29,  0.28,4.15, 4.43,
0.01000,0.000,20, 2056,10, 86.51, 28.33, 43.85, 34.42, 86.53, 28.48, 43.99, 34.58,4.10, 4.39,
0.01000,0.000,20, 2056,15, 87.50,  0.00,  0.00,  0.00, 87.50,  0.00,  0.00,  0.00,4.10, 4.37,
0.01000,0.000,20, 2056,20, 87.40,  0.23, 18.69,  0.46, 87.41,  0.25, 19.81,  0.49,4.06, 4.34,
0.01000,0.000,50,  512,10, 88.42,  9.79, 80.02, 17.45, 88.44,  9.99, 80.34, 17.77,10.00, 10.62,
0.01000,0.000,50,  512,15, 18.75, 98.67, 13.20, 23.29, 18.67, 98.89, 13.21, 23.31,10.04, 10.70,
0.01000,0.000,50,  512,20, 88.06,  4.61, 97.28,  8.80, 88.11,  5.08, 96.02,  9.64,9.97, 10.57,
0.01000,0.000,50, 1024,10, 18.55, 98.54, 13.16, 23.22, 18.43, 98.34, 13.13, 23.16,10.08, 10.75,
0.01000,0.000,50, 1024,15, 87.50,  0.00,  0.00,  0.00, 87.50,  0.00,  0.00,  0.00,10.07, 10.74,
0.01000,0.000,50, 1024,20, 13.72, 99.92, 12.65, 22.45, 13.72, 99.88, 12.64, 22.45,10.14, 10.81,
0.01000,0.000,50, 2056,10, 75.63, 46.31, 24.69, 32.21, 75.72, 46.46, 24.83, 32.36,10.12, 10.80,
0.01000,0.000,50, 2056,15, 75.37, 45.65, 24.24, 31.66, 75.31, 45.46, 24.12, 31.52,10.21, 10.86,
0.01000,0.000,50, 2056,20, 67.11, 45.33, 17.86, 25.62, 67.19, 45.20, 17.87, 25.62,10.40, 11.10,
0.00100,0.100, 5,  512,10, 87.68,  1.58, 92.47,  3.11, 87.67,  1.54, 89.19,  3.04,1.07, 1.14,
0.00100,0.100, 5,  512,15, 87.50,  0.00,  0.00,  0.00, 87.50,  0.00,  0.00,  0.00,1.06, 1.15,
0.00100,0.100, 5,  512,20, 87.77,  2.25, 95.05,  4.39, 87.77,  2.28, 94.20,  4.45,1.06, 1.15,
0.00100,0.100, 5, 1024,10, 87.51,  0.06,100.00,  0.12, 87.51,  0.07,100.00,  0.14,1.06, 1.14,
0.00100,0.100, 5, 1024,15, 39.77, 78.76, 14.60, 24.64, 40.20, 79.94, 14.85, 25.05,1.05, 1.13,
0.00100,0.100, 5, 1024,20, 87.43,  0.48, 31.78,  0.95, 87.41,  0.37, 26.02,  0.74,1.06, 1.13,
0.00100,0.100, 5, 2056,10, 75.44, 41.47, 23.11, 29.68, 75.59, 41.85, 23.38, 30.00,1.04, 1.13,
0.00100,0.100, 5, 2056,15, 62.07, 62.17, 18.97, 29.07, 62.07, 61.94, 18.93, 28.99,1.06, 1.14,
0.00100,0.100, 5, 2056,20, 72.00, 35.58, 18.23, 24.11, 72.02, 35.44, 18.20, 24.05,1.06, 1.14,
0.00100,0.100,10,  512,10, 87.69,  1.68, 92.90,  3.31, 87.69,  1.68, 91.14,  3.31,2.05, 2.20,
0.00100,0.100,10,  512,15, 12.61, 99.98, 12.51, 22.24, 12.61,100.00, 12.52, 22.25,2.05, 2.18,
0.00100,0.100,10,  512,20, 87.91,  3.36, 97.29,  6.49, 87.91,  3.36, 96.96,  6.49,2.04, 2.20,
0.00100,0.100,10, 1024,10, 87.24, 33.79, 48.51, 39.83, 87.31, 34.10, 48.90, 40.18,2.03, 2.17,
0.00100,0.100,10, 1024,15, 87.42,  2.82, 44.80,  5.30, 87.41,  2.99, 44.60,  5.61,2.00, 2.15,
0.00100,0.100,10, 1024,20, 87.67, 22.18, 51.56, 31.02, 87.57, 22.32, 50.68, 30.99,2.06, 3.26,
0.00100,0.100,10, 2056,10, 83.25, 32.92, 32.97, 32.94, 83.54, 33.09, 33.81, 33.45,2.04, 4.24,
0.00100,0.100,10, 2056,15, 87.91,  4.90, 75.22,  9.20, 87.89,  4.84, 74.06,  9.09,2.02, 2.16,
0.00100,0.100,10, 2056,20, 72.25, 34.20, 17.96, 23.55, 72.25, 34.20, 17.96, 23.55,1.24, 1.33,
0.00100,0.100,20,  512,10, 87.88,  4.71, 74.22,  8.87, 87.91,  5.03, 74.01,  9.42,4.28, 4.62,
0.00100,0.100,20,  512,15, 12.54,100.00, 12.50, 22.23, 12.53,100.00, 12.51, 22.23,4.05, 4.68,
0.00100,0.100,20,  512,20, 88.23,  7.10, 84.78, 13.10, 88.26,  7.40, 84.63, 13.62,4.04, 4.30,
0.00100,0.100,20, 1024,10, 70.46, 54.67, 22.25, 31.63, 70.39, 54.67, 22.21, 31.59,4.00, 4.25,
0.00100,0.100,20, 1024,15, 87.44,  0.13, 16.67,  0.26, 87.44,  0.15, 18.84,  0.30,4.04, 4.36,
0.00100,0.100,20, 1024,20, 73.98, 58.28, 25.93, 35.90, 74.01, 58.86, 26.09, 36.16,3.98, 4.27,
0.00100,0.100,20, 2056,10, 86.88, 25.71, 45.63, 32.89, 86.86, 25.66, 45.45, 32.81,2.99, 3.21,
0.00100,0.100,20, 2056,15, 24.93, 96.82, 13.95, 24.38, 25.11, 97.03, 14.00, 24.47,2.60, 2.78,
0.00100,0.100,20, 2056,20, 72.25, 34.20, 17.96, 23.55, 72.25, 34.20, 17.96, 23.55,1.26, 1.36,
0.00100,0.100,50,  512,10, 88.33,  9.55, 76.69, 16.98, 88.38,  9.92, 77.51, 17.59,9.85, 10.46,
0.00100,0.100,50,  512,15, 16.92, 99.85, 13.06, 23.10, 16.88, 99.85, 13.06, 23.10,9.89, 10.54,
0.00100,0.100,50,  512,20, 88.49, 11.50, 76.44, 19.99, 88.56, 11.97, 77.68, 20.74,9.24, 9.85,
0.00100,0.100,50, 1024,10, 86.80, 34.41, 46.22, 39.45, 86.85, 34.92, 46.54, 39.90,9.81, 10.47,
0.00100,0.100,50, 1024,15, 87.06, 13.79, 44.29, 21.03, 87.07, 14.55, 44.68, 21.95,5.20, 5.52,
0.00100,0.100,50, 1024,20, 87.74,  2.64, 77.93,  5.11, 87.73,  2.66, 77.47,  5.13,8.47, 9.03,
0.00100,0.100,50, 2056,10, 86.88, 25.71, 45.63, 32.89, 86.86, 25.66, 45.45, 32.81,2.97, 3.17,
0.00100,0.100,50, 2056,15, 24.93, 96.82, 13.95, 24.38, 25.11, 97.03, 14.00, 24.47,2.59, 2.78,
0.00100,0.100,50, 2056,20, 72.25, 34.20, 17.96, 23.55, 72.25, 34.20, 17.96, 23.55,1.25, 1.32,
0.00100,0.001, 5,  512,10, 87.68,  1.58, 92.47,  3.11, 87.67,  1.54, 89.19,  3.04,1.06, 1.15,
0.00100,0.001, 5,  512,15, 87.50,  0.00,  0.00,  0.00, 87.50,  0.00,  0.00,  0.00,1.07, 1.15,
0.00100,0.001, 5,  512,20, 87.77,  2.25, 95.05,  4.39, 87.77,  2.28, 94.20,  4.45,1.07, 1.16,
0.00100,0.001, 5, 1024,10, 87.51,  0.06,100.00,  0.12, 87.51,  0.07,100.00,  0.14,1.08, 1.17,
0.00100,0.001, 5, 1024,15, 39.77, 78.76, 14.60, 24.64, 40.20, 79.94, 14.85, 25.05,1.13, 1.23,
0.00100,0.001, 5, 1024,20, 87.43,  0.48, 31.78,  0.95, 87.41,  0.37, 26.02,  0.74,1.07, 1.16,
0.00100,0.001, 5, 2056,10, 75.44, 41.47, 23.11, 29.68, 75.59, 41.85, 23.38, 30.00,1.06, 1.13,
0.00100,0.001, 5, 2056,15, 62.07, 62.17, 18.97, 29.07, 62.07, 61.94, 18.93, 28.99,1.05, 1.14,
0.00100,0.001, 5, 2056,20, 72.00, 35.58, 18.23, 24.11, 72.02, 35.44, 18.20, 24.05,1.05, 1.14,
0.00100,0.001,10,  512,10, 87.69,  1.68, 92.90,  3.31, 87.69,  1.68, 91.14,  3.31,2.06, 2.21,
0.00100,0.001,10,  512,15, 12.61, 99.98, 12.51, 22.24, 12.61,100.00, 12.52, 22.25,2.05, 2.20,
0.00100,0.001,10,  512,20, 87.91,  3.36, 97.29,  6.49, 87.91,  3.36, 96.96,  6.49,2.04, 2.16,
0.00100,0.001,10, 1024,10, 87.24, 33.79, 48.51, 39.83, 87.31, 34.10, 48.90, 40.18,2.06, 2.21,
0.00100,0.001,10, 1024,15, 87.42,  2.82, 44.80,  5.30, 87.41,  2.99, 44.60,  5.61,2.05, 2.19,
0.00100,0.001,10, 1024,20, 87.67, 22.18, 51.56, 31.02, 87.57, 22.32, 50.68, 30.99,2.05, 2.20,
0.00100,0.001,10, 2056,10, 83.25, 32.92, 32.97, 32.94, 83.54, 33.09, 33.81, 33.45,2.03, 2.18,
0.00100,0.001,10, 2056,15, 87.91,  4.90, 75.22,  9.20, 87.89,  4.84, 74.06,  9.09,2.08, 2.22,
0.00100,0.001,10, 2056,20, 49.44, 56.60, 13.55, 21.86, 49.45, 56.43, 13.52, 21.82,2.05, 2.18,
0.00100,0.001,20,  512,10, 87.88,  4.71, 74.22,  8.87, 87.91,  5.03, 74.01,  9.42,4.03, 4.31,
0.00100,0.001,20,  512,15, 12.54,100.00, 12.50, 22.23, 12.53,100.00, 12.51, 22.23,3.98, 4.23,
0.00100,0.001,20,  512,20, 88.23,  7.10, 84.78, 13.10, 88.26,  7.40, 84.63, 13.62,4.01, 4.30,
0.00100,0.001,20, 1024,10, 70.46, 54.67, 22.25, 31.63, 70.39, 54.67, 22.21, 31.59,3.94, 4.21,
0.00100,0.001,20, 1024,15, 87.44,  0.13, 16.67,  0.26, 87.44,  0.15, 18.84,  0.30,3.99, 7.35,
0.00100,0.001,20, 1024,20, 73.98, 58.28, 25.93, 35.90, 74.01, 58.86, 26.09, 36.16,3.97, 4.23,
0.00100,0.001,20, 2056,10, 87.13, 13.27, 44.96, 20.49, 87.12, 13.18, 44.86, 20.38,3.94, 4.22,
0.00100,0.001,20, 2056,15, 87.99,  4.93, 82.71,  9.30, 87.98,  4.83, 83.27,  9.13,3.97, 4.56,
0.00100,0.001,20, 2056,20, 83.13, 22.12, 27.92, 24.69, 83.11, 22.18, 27.90, 24.71,3.97, 4.24,
0.00100,0.001,50,  512,10, 88.33,  9.55, 76.69, 16.98, 88.38,  9.92, 77.51, 17.59,9.86, 10.49,
0.00100,0.001,50,  512,15, 16.92, 99.85, 13.06, 23.10, 16.88, 99.85, 13.06, 23.10,9.85, 10.53,
0.00100,0.001,50,  512,20, 88.52, 12.06, 75.64, 20.81, 88.61, 12.60, 77.26, 21.66,9.86, 10.50,
0.00100,0.001,50, 1024,10, 86.80, 34.41, 46.22, 39.45, 86.85, 34.92, 46.54, 39.90,9.78, 10.43,
0.00100,0.001,50, 1024,15, 87.74,  3.12, 71.58,  5.99, 87.75,  3.28, 71.79,  6.26,9.80, 10.41,
0.00100,0.001,50, 1024,20, 84.15, 41.14, 37.71, 39.35, 84.19, 41.83, 37.97, 39.81,9.89, 10.51,
0.00100,0.001,50, 2056,10, 81.00, 43.16, 31.19, 36.21, 81.22, 43.63, 31.74, 36.75,9.76, 10.43,
0.00100,0.001,50, 2056,15, 31.66, 96.78, 15.12, 26.15, 31.95, 97.04, 15.20, 26.28,9.80, 10.45,
0.00100,0.001,50, 2056,20, 75.93, 39.49, 23.02, 29.09, 75.77, 39.23, 22.77, 28.81,9.79, 10.39,
0.00100,0.000, 5,  512,10, 87.68,  1.58, 92.47,  3.11, 87.67,  1.54, 89.19,  3.04,1.05, 1.14,
0.00100,0.000, 5,  512,15, 87.50,  0.00,  0.00,  0.00, 87.50,  0.00,  0.00,  0.00,1.06, 1.14,
0.00100,0.000, 5,  512,20, 87.77,  2.25, 95.05,  4.39, 87.77,  2.28, 94.20,  4.45,1.06, 1.14,
0.00100,0.000, 5, 1024,10, 87.51,  0.06,100.00,  0.12, 87.51,  0.07,100.00,  0.14,1.06, 1.14,
0.00100,0.000, 5, 1024,15, 39.77, 78.76, 14.60, 24.64, 40.20, 79.94, 14.85, 25.05,1.05, 1.14,
0.00100,0.000, 5, 1024,20, 87.43,  0.48, 31.78,  0.95, 87.41,  0.37, 26.02,  0.74,1.06, 1.14,
0.00100,0.000, 5, 2056,10, 75.44, 41.47, 23.11, 29.68, 75.59, 41.85, 23.38, 30.00,1.04, 1.12,
0.00100,0.000, 5, 2056,15, 62.07, 62.17, 18.97, 29.07, 62.07, 61.94, 18.93, 28.99,1.04, 1.12,
0.00100,0.000, 5, 2056,20, 72.00, 35.58, 18.23, 24.11, 72.02, 35.44, 18.20, 24.05,1.05, 1.14,
0.00100,0.000,10,  512,10, 87.69,  1.68, 92.90,  3.31, 87.69,  1.68, 91.14,  3.31,2.03, 2.17,
0.00100,0.000,10,  512,15, 12.61, 99.98, 12.51, 22.24, 12.61,100.00, 12.52, 22.25,2.02, 2.17,
0.00100,0.000,10,  512,20, 87.91,  3.36, 97.29,  6.49, 87.91,  3.36, 96.96,  6.49,2.05, 2.18,
0.00100,0.000,10, 1024,10, 87.24, 33.79, 48.51, 39.83, 87.31, 34.10, 48.90, 40.18,2.03, 2.18,
0.00100,0.000,10, 1024,15, 87.42,  2.82, 44.80,  5.30, 87.41,  2.99, 44.60,  5.61,2.02, 2.18,
0.00100,0.000,10, 1024,20, 87.67, 22.18, 51.56, 31.02, 87.57, 22.32, 50.68, 30.99,2.03, 2.14,
0.00100,0.000,10, 2056,10, 83.25, 32.92, 32.97, 32.94, 83.54, 33.09, 33.81, 33.45,2.01, 2.16,
0.00100,0.000,10, 2056,15, 87.91,  4.90, 75.22,  9.20, 87.89,  4.84, 74.06,  9.09,2.01, 2.16,
0.00100,0.000,10, 2056,20, 49.44, 56.60, 13.55, 21.86, 49.45, 56.43, 13.52, 21.82,2.02, 2.16,
0.00100,0.000,20,  512,10, 87.88,  4.71, 74.22,  8.87, 87.91,  5.03, 74.01,  9.42,3.99, 4.25,
0.00100,0.000,20,  512,15, 12.54,100.00, 12.50, 22.23, 12.53,100.00, 12.51, 22.23,3.99, 4.27,
0.00100,0.000,20,  512,20, 88.23,  7.10, 84.78, 13.10, 88.26,  7.40, 84.63, 13.62,4.00, 4.28,
0.00100,0.000,20, 1024,10, 70.46, 54.67, 22.25, 31.63, 70.39, 54.67, 22.21, 31.59,3.95, 4.21,
0.00100,0.000,20, 1024,15, 87.44,  0.13, 16.67,  0.26, 87.44,  0.15, 18.84,  0.30,3.96, 4.24,
0.00100,0.000,20, 1024,20, 73.98, 58.28, 25.93, 35.90, 74.01, 58.86, 26.09, 36.16,3.95, 4.20,
0.00100,0.000,20, 2056,10, 87.13, 13.27, 44.96, 20.49, 87.12, 13.18, 44.86, 20.38,3.97, 4.23,
0.00100,0.000,20, 2056,15, 87.99,  4.93, 82.71,  9.30, 87.98,  4.83, 83.27,  9.13,3.95, 4.22,
0.00100,0.000,20, 2056,20, 83.13, 22.12, 27.92, 24.69, 83.11, 22.18, 27.90, 24.71,3.99, 4.26,
0.00100,0.000,50,  512,10, 88.33,  9.55, 76.69, 16.98, 88.38,  9.92, 77.51, 17.59,9.84, 10.47,
0.00100,0.000,50,  512,15, 16.92, 99.85, 13.06, 23.10, 16.88, 99.85, 13.06, 23.10,9.84, 10.48,
0.00100,0.000,50,  512,20, 88.52, 12.06, 75.64, 20.81, 88.61, 12.60, 77.26, 21.66,9.86, 13.65,
0.00100,0.000,50, 1024,10, 86.80, 34.41, 46.22, 39.45, 86.85, 34.92, 46.54, 39.90,9.79, 10.77,
0.00100,0.000,50, 1024,15, 87.74,  3.12, 71.58,  5.99, 87.75,  3.28, 71.79,  6.26,9.87, 10.52,
0.00100,0.000,50, 1024,20, 84.15, 41.14, 37.71, 39.35, 84.19, 41.83, 37.97, 39.81,10.00, 10.71,
0.00100,0.000,50, 2056,10, 81.00, 43.16, 31.19, 36.21, 81.22, 43.63, 31.74, 36.75,9.80, 10.42,
0.00100,0.000,50, 2056,15, 31.66, 96.78, 15.12, 26.15, 31.95, 97.04, 15.20, 26.28,9.94, 10.62,
0.00100,0.000,50, 2056,20, 75.93, 39.49, 23.02, 29.09, 75.77, 39.23, 22.77, 28.81,9.77, 10.40,
0.00100,0.000, 5,  512,10, 87.68,  1.58, 92.47,  3.11, 87.67,  1.54, 89.19,  3.04,1.06, 1.13,
0.00100,0.000, 5,  512,15, 87.50,  0.00,  0.00,  0.00, 87.50,  0.00,  0.00,  0.00,1.06, 1.14,
0.00100,0.000, 5,  512,20, 87.77,  2.25, 95.05,  4.39, 87.77,  2.28, 94.20,  4.45,1.06, 1.15,
0.00100,0.000, 5, 1024,10, 87.51,  0.06,100.00,  0.12, 87.51,  0.07,100.00,  0.14,1.05, 1.14,
0.00100,0.000, 5, 1024,15, 39.77, 78.76, 14.60, 24.64, 40.20, 79.94, 14.85, 25.05,1.06, 1.14,
0.00100,0.000, 5, 1024,20, 87.43,  0.48, 31.78,  0.95, 87.41,  0.37, 26.02,  0.74,1.05, 1.12,
0.00100,0.000, 5, 2056,10, 75.44, 41.47, 23.11, 29.68, 75.59, 41.85, 23.38, 30.00,1.05, 1.12,
0.00100,0.000, 5, 2056,15, 62.07, 62.17, 18.97, 29.07, 62.07, 61.94, 18.93, 28.99,1.04, 1.13,
0.00100,0.000, 5, 2056,20, 72.00, 35.58, 18.23, 24.11, 72.02, 35.44, 18.20, 24.05,1.06, 1.14,
0.00100,0.000,10,  512,10, 87.69,  1.68, 92.90,  3.31, 87.69,  1.68, 91.14,  3.31,2.05, 2.20,
0.00100,0.000,10,  512,15, 12.61, 99.98, 12.51, 22.24, 12.61,100.00, 12.52, 22.25,2.05, 2.20,
0.00100,0.000,10,  512,20, 87.91,  3.36, 97.29,  6.49, 87.91,  3.36, 96.96,  6.49,2.05, 2.18,
0.00100,0.000,10, 1024,10, 87.24, 33.79, 48.51, 39.83, 87.31, 34.10, 48.90, 40.18,2.04, 2.18,
0.00100,0.000,10, 1024,15, 87.42,  2.82, 44.80,  5.30, 87.41,  2.99, 44.60,  5.61,2.03, 2.18,
0.00100,0.000,10, 1024,20, 87.67, 22.18, 51.56, 31.02, 87.57, 22.32, 50.68, 30.99,2.06, 2.20,
0.00100,0.000,10, 2056,10, 83.25, 32.92, 32.97, 32.94, 83.54, 33.09, 33.81, 33.45,2.02, 2.17,
0.00100,0.000,10, 2056,15, 87.91,  4.90, 75.22,  9.20, 87.89,  4.84, 74.06,  9.09,2.02, 2.17,
0.00100,0.000,10, 2056,20, 49.44, 56.60, 13.55, 21.86, 49.45, 56.43, 13.52, 21.82,2.02, 2.15,
0.00100,0.000,20,  512,10, 87.88,  4.71, 74.22,  8.87, 87.91,  5.03, 74.01,  9.42,3.98, 4.26,
0.00100,0.000,20,  512,15, 12.54,100.00, 12.50, 22.23, 12.53,100.00, 12.51, 22.23,3.98, 4.24,
0.00100,0.000,20,  512,20, 88.23,  7.10, 84.78, 13.10, 88.26,  7.40, 84.63, 13.62,4.03, 4.28,
0.00100,0.000,20, 1024,10, 70.46, 54.67, 22.25, 31.63, 70.39, 54.67, 22.21, 31.59,3.98, 4.28,
0.00100,0.000,20, 1024,15, 87.44,  0.13, 16.67,  0.26, 87.44,  0.15, 18.84,  0.30,3.99, 4.24,
0.00100,0.000,20, 1024,20, 73.98, 58.28, 25.93, 35.90, 74.01, 58.86, 26.09, 36.16,3.96, 4.27,
0.00100,0.000,20, 2056,10, 87.13, 13.27, 44.96, 20.49, 87.12, 13.18, 44.86, 20.38,3.95, 4.19,
0.00100,0.000,20, 2056,15, 87.99,  4.93, 82.71,  9.30, 87.98,  4.83, 83.27,  9.13,3.94, 4.23,
0.00100,0.000,20, 2056,20, 83.13, 22.12, 27.92, 24.69, 83.11, 22.18, 27.90, 24.71,3.95, 4.21,
0.00100,0.000,50,  512,10, 88.33,  9.55, 76.69, 16.98, 88.38,  9.92, 77.51, 17.59,9.89, 10.53,
0.00100,0.000,50,  512,15, 16.92, 99.85, 13.06, 23.10, 16.88, 99.85, 13.06, 23.10,9.87, 10.51,
0.00100,0.000,50,  512,20, 88.52, 12.06, 75.64, 20.81, 88.61, 12.60, 77.26, 21.66,9.85, 10.48,
0.00100,0.000,50, 1024,10, 86.80, 34.41, 46.22, 39.45, 86.85, 34.92, 46.54, 39.90,9.78, 10.41,
0.00100,0.000,50, 1024,15, 87.74,  3.12, 71.58,  5.99, 87.75,  3.28, 71.79,  6.26,9.85, 10.52,
0.00100,0.000,50, 1024,20, 84.15, 41.14, 37.71, 39.35, 84.19, 41.83, 37.97, 39.81,9.84, 10.49,
0.00100,0.000,50, 2056,10, 81.00, 43.16, 31.19, 36.21, 81.22, 43.63, 31.74, 36.75,9.75, 10.38,
0.00100,0.000,50, 2056,15, 31.66, 96.78, 15.12, 26.15, 31.95, 97.04, 15.20, 26.28,9.76, 10.40,
0.00100,0.000,50, 2056,20, 75.93, 39.49, 23.02, 29.09, 75.77, 39.23, 22.77, 28.81,9.75, 10.38,
